"","date","count"
"1","2007-01-01",933
"2","2007-01-02",484
"3","2007-01-03",473
"4","2007-01-04",495
"5","2007-01-05",545
"6","2007-01-06",486
"7","2007-01-07",453
"8","2007-01-08",450
"9","2007-01-09",467
"10","2007-01-10",498
"11","2007-01-11",468
"12","2007-01-12",540
"13","2007-01-13",492
"14","2007-01-14",518
"15","2007-01-15",449
"16","2007-01-16",459
"17","2007-01-17",490
"18","2007-01-18",477
"19","2007-01-19",548
"20","2007-01-20",569
"21","2007-01-21",492
"22","2007-01-22",439
"23","2007-01-23",485
"24","2007-01-24",474
"25","2007-01-25",488
"26","2007-01-26",608
"27","2007-01-27",608
"28","2007-01-28",479
"29","2007-01-29",436
"30","2007-01-30",477
"31","2007-01-31",489
"32","2007-02-01",649
"33","2007-02-02",672
"34","2007-02-03",604
"35","2007-02-04",475
"36","2007-02-05",516
"37","2007-02-06",491
"38","2007-02-07",559
"39","2007-02-08",484
"40","2007-02-09",650
"41","2007-02-10",514
"42","2007-02-11",442
"43","2007-02-12",491
"44","2007-02-13",464
"45","2007-02-14",512
"46","2007-02-15",526
"47","2007-02-16",559
"48","2007-02-17",701
"49","2007-02-18",494
"50","2007-02-19",433
"51","2007-02-20",500
"52","2007-02-21",534
"53","2007-02-22",489
"54","2007-02-23",565
"55","2007-02-24",555
"56","2007-02-25",506
"57","2007-02-26",525
"58","2007-02-27",473
"59","2007-02-28",513
"60","2007-03-01",601
"61","2007-03-02",589
"62","2007-03-03",544
"63","2007-03-04",497
"64","2007-03-05",533
"65","2007-03-06",536
"66","2007-03-07",531
"67","2007-03-08",484
"68","2007-03-09",599
"69","2007-03-10",532
"70","2007-03-11",467
"71","2007-03-12",498
"72","2007-03-13",466
"73","2007-03-14",501
"74","2007-03-15",552
"75","2007-03-16",614
"76","2007-03-17",641
"77","2007-03-18",522
"78","2007-03-19",485
"79","2007-03-20",499
"80","2007-03-21",501
"81","2007-03-22",507
"82","2007-03-23",638
"83","2007-03-24",529
"84","2007-03-25",508
"85","2007-03-26",519
"86","2007-03-27",454
"87","2007-03-28",452
"88","2007-03-29",529
"89","2007-03-30",585
"90","2007-03-31",535
"91","2007-04-01",634
"92","2007-04-02",463
"93","2007-04-03",514
"94","2007-04-04",473
"95","2007-04-05",472
"96","2007-04-06",609
"97","2007-04-07",583
"98","2007-04-08",428
"99","2007-04-09",457
"100","2007-04-10",458
"101","2007-04-11",512
"102","2007-04-12",445
"103","2007-04-13",594
"104","2007-04-14",540
"105","2007-04-15",473
"106","2007-04-16",461
"107","2007-04-17",474
"108","2007-04-18",485
"109","2007-04-19",461
"110","2007-04-20",576
"111","2007-04-21",566
"112","2007-04-22",487
"113","2007-04-23",495
"114","2007-04-24",514
"115","2007-04-25",562
"116","2007-04-26",527
"117","2007-04-27",663
"118","2007-04-28",597
"119","2007-04-29",480
"120","2007-04-30",506
"121","2007-05-01",624
"122","2007-05-02",532
"123","2007-05-03",504
"124","2007-05-04",656
"125","2007-05-05",612
"126","2007-05-06",557
"127","2007-05-07",512
"128","2007-05-08",488
"129","2007-05-09",538
"130","2007-05-10",534
"131","2007-05-11",671
"132","2007-05-12",606
"133","2007-05-13",546
"134","2007-05-14",547
"135","2007-05-15",560
"136","2007-05-16",506
"137","2007-05-17",521
"138","2007-05-18",714
"139","2007-05-19",595
"140","2007-05-20",526
"141","2007-05-21",500
"142","2007-05-22",515
"143","2007-05-23",432
"144","2007-05-24",507
"145","2007-05-25",644
"146","2007-05-26",624
"147","2007-05-27",571
"148","2007-05-28",557
"149","2007-05-29",452
"150","2007-05-30",481
"151","2007-05-31",528
"152","2007-06-01",735
"153","2007-06-02",568
"154","2007-06-03",578
"155","2007-06-04",480
"156","2007-06-05",482
"157","2007-06-06",517
"158","2007-06-07",490
"159","2007-06-08",658
"160","2007-06-09",636
"161","2007-06-10",590
"162","2007-06-11",499
"163","2007-06-12",452
"164","2007-06-13",516
"165","2007-06-14",508
"166","2007-06-15",623
"167","2007-06-16",617
"168","2007-06-17",519
"169","2007-06-18",509
"170","2007-06-19",482
"171","2007-06-20",472
"172","2007-06-21",483
"173","2007-06-22",634
"174","2007-06-23",609
"175","2007-06-24",505
"176","2007-06-25",448
"177","2007-06-26",455
"178","2007-06-27",516
"179","2007-06-28",541
"180","2007-06-29",612
"181","2007-06-30",650
"182","2007-07-01",660
"183","2007-07-02",484
"184","2007-07-03",542
"185","2007-07-04",940
"186","2007-07-05",511
"187","2007-07-06",556
"188","2007-07-07",612
"189","2007-07-08",479
"190","2007-07-09",441
"191","2007-07-10",451
"192","2007-07-11",482
"193","2007-07-12",507
"194","2007-07-13",610
"195","2007-07-14",566
"196","2007-07-15",532
"197","2007-07-16",459
"198","2007-07-17",449
"199","2007-07-18",475
"200","2007-07-19",491
"201","2007-07-20",595
"202","2007-07-21",570
"203","2007-07-22",516
"204","2007-07-23",444
"205","2007-07-24",475
"206","2007-07-25",457
"207","2007-07-26",469
"208","2007-07-27",596
"209","2007-07-28",615
"210","2007-07-29",547
"211","2007-07-30",478
"212","2007-07-31",481
"213","2007-08-01",646
"214","2007-08-02",562
"215","2007-08-03",596
"216","2007-08-04",565
"217","2007-08-05",501
"218","2007-08-06",486
"219","2007-08-07",453
"220","2007-08-08",506
"221","2007-08-09",516
"222","2007-08-10",595
"223","2007-08-11",507
"224","2007-08-12",533
"225","2007-08-13",458
"226","2007-08-14",443
"227","2007-08-15",506
"228","2007-08-16",476
"229","2007-08-17",593
"230","2007-08-18",588
"231","2007-08-19",546
"232","2007-08-20",493
"233","2007-08-21",503
"234","2007-08-22",544
"235","2007-08-23",509
"236","2007-08-24",579
"237","2007-08-25",608
"238","2007-08-26",485
"239","2007-08-27",499
"240","2007-08-28",522
"241","2007-08-29",497
"242","2007-08-30",471
"243","2007-08-31",579
"244","2007-09-01",714
"245","2007-09-02",542
"246","2007-09-03",498
"247","2007-09-04",496
"248","2007-09-05",445
"249","2007-09-06",483
"250","2007-09-07",573
"251","2007-09-08",571
"252","2007-09-09",426
"253","2007-09-10",427
"254","2007-09-11",460
"255","2007-09-12",458
"256","2007-09-13",494
"257","2007-09-14",565
"258","2007-09-15",548
"259","2007-09-16",452
"260","2007-09-17",456
"261","2007-09-18",503
"262","2007-09-19",477
"263","2007-09-20",524
"264","2007-09-21",590
"265","2007-09-22",474
"266","2007-09-23",471
"267","2007-09-24",486
"268","2007-09-25",463
"269","2007-09-26",443
"270","2007-09-27",516
"271","2007-09-28",578
"272","2007-09-29",545
"273","2007-09-30",505
"274","2007-10-01",572
"275","2007-10-02",451
"276","2007-10-03",521
"277","2007-10-04",436
"278","2007-10-05",645
"279","2007-10-06",496
"280","2007-10-07",448
"281","2007-10-08",444
"282","2007-10-09",431
"283","2007-10-10",466
"284","2007-10-11",444
"285","2007-10-12",605
"286","2007-10-13",506
"287","2007-10-14",506
"288","2007-10-15",467
"289","2007-10-16",452
"290","2007-10-17",459
"291","2007-10-18",492
"292","2007-10-19",517
"293","2007-10-20",505
"294","2007-10-21",396
"295","2007-10-22",413
"296","2007-10-23",349
"297","2007-10-24",398
"298","2007-10-25",460
"299","2007-10-26",510
"300","2007-10-27",530
"301","2007-10-28",472
"302","2007-10-29",439
"303","2007-10-30",423
"304","2007-10-31",505
"305","2007-11-01",617
"306","2007-11-02",630
"307","2007-11-03",576
"308","2007-11-04",462
"309","2007-11-05",454
"310","2007-11-06",464
"311","2007-11-07",497
"312","2007-11-08",461
"313","2007-11-09",623
"314","2007-11-10",529
"315","2007-11-11",490
"316","2007-11-12",451
"317","2007-11-13",456
"318","2007-11-14",457
"319","2007-11-15",474
"320","2007-11-16",591
"321","2007-11-17",491
"322","2007-11-18",453
"323","2007-11-19",445
"324","2007-11-20",486
"325","2007-11-21",525
"326","2007-11-22",354
"327","2007-11-23",481
"328","2007-11-24",504
"329","2007-11-25",488
"330","2007-11-26",505
"331","2007-11-27",458
"332","2007-11-28",483
"333","2007-11-29",457
"334","2007-11-30",490
"335","2007-12-01",659
"336","2007-12-02",431
"337","2007-12-03",441
"338","2007-12-04",501
"339","2007-12-05",518
"340","2007-12-06",480
"341","2007-12-07",598
"342","2007-12-08",502
"343","2007-12-09",434
"344","2007-12-10",481
"345","2007-12-11",457
"346","2007-12-12",458
"347","2007-12-13",457
"348","2007-12-14",588
"349","2007-12-15",560
"350","2007-12-16",479
"351","2007-12-17",455
"352","2007-12-18",491
"353","2007-12-19",484
"354","2007-12-20",480
"355","2007-12-21",594
"356","2007-12-22",489
"357","2007-12-23",417
"358","2007-12-24",411
"359","2007-12-25",293
"360","2007-12-26",410
"361","2007-12-27",447
"362","2007-12-28",525
"363","2007-12-29",479
"364","2007-12-30",407
"365","2007-12-31",429
"366","2008-01-01",856
"367","2008-01-02",434
"368","2008-01-03",457
"369","2008-01-04",532
"370","2008-01-05",431
"371","2008-01-06",383
"372","2008-01-07",399
"373","2008-01-08",459
"374","2008-01-09",436
"375","2008-01-10",449
"376","2008-01-11",490
"377","2008-01-12",454
"378","2008-01-13",464
"379","2008-01-14",433
"380","2008-01-15",502
"381","2008-01-16",447
"382","2008-01-17",476
"383","2008-01-18",582
"384","2008-01-19",540
"385","2008-01-20",447
"386","2008-01-21",416
"387","2008-01-22",489
"388","2008-01-23",420
"389","2008-01-24",483
"390","2008-01-25",618
"391","2008-01-26",472
"392","2008-01-27",423
"393","2008-01-28",414
"394","2008-01-29",507
"395","2008-01-30",495
"396","2008-01-31",499
"397","2008-02-01",685
"398","2008-02-02",536
"399","2008-02-03",410
"400","2008-02-04",426
"401","2008-02-05",463
"402","2008-02-06",473
"403","2008-02-07",443
"404","2008-02-08",555
"405","2008-02-09",593
"406","2008-02-10",445
"407","2008-02-11",450
"408","2008-02-12",480
"409","2008-02-13",457
"410","2008-02-14",396
"411","2008-02-15",607
"412","2008-02-16",546
"413","2008-02-17",472
"414","2008-02-18",446
"415","2008-02-19",427
"416","2008-02-20",462
"417","2008-02-21",471
"418","2008-02-22",600
"419","2008-02-23",621
"420","2008-02-24",439
"421","2008-02-25",445
"422","2008-02-26",407
"423","2008-02-27",494
"424","2008-02-28",474
"425","2008-02-29",609
"426","2008-03-01",666
"427","2008-03-02",483
"428","2008-03-03",454
"429","2008-03-04",442
"430","2008-03-05",480
"431","2008-03-06",450
"432","2008-03-07",568
"433","2008-03-08",498
"434","2008-03-09",463
"435","2008-03-10",435
"436","2008-03-11",466
"437","2008-03-12",424
"438","2008-03-13",490
"439","2008-03-14",536
"440","2008-03-15",503
"441","2008-03-16",448
"442","2008-03-17",518
"443","2008-03-18",455
"444","2008-03-19",483
"445","2008-03-20",445
"446","2008-03-21",558
"447","2008-03-22",501
"448","2008-03-23",429
"449","2008-03-24",484
"450","2008-03-25",464
"451","2008-03-26",487
"452","2008-03-27",550
"453","2008-03-28",558
"454","2008-03-29",503
"455","2008-03-30",463
"456","2008-03-31",493
"457","2008-04-01",554
"458","2008-04-02",464
"459","2008-04-03",507
"460","2008-04-04",583
"461","2008-04-05",491
"462","2008-04-06",434
"463","2008-04-07",419
"464","2008-04-08",479
"465","2008-04-09",488
"466","2008-04-10",469
"467","2008-04-11",559
"468","2008-04-12",479
"469","2008-04-13",439
"470","2008-04-14",461
"471","2008-04-15",462
"472","2008-04-16",476
"473","2008-04-17",472
"474","2008-04-18",584
"475","2008-04-19",545
"476","2008-04-20",489
"477","2008-04-21",483
"478","2008-04-22",478
"479","2008-04-23",447
"480","2008-04-24",517
"481","2008-04-25",572
"482","2008-04-26",541
"483","2008-04-27",427
"484","2008-04-28",524
"485","2008-04-29",455
"486","2008-04-30",475
"487","2008-05-01",628
"488","2008-05-02",575
"489","2008-05-03",588
"490","2008-05-04",493
"491","2008-05-05",518
"492","2008-05-06",441
"493","2008-05-07",478
"494","2008-05-08",463
"495","2008-05-09",588
"496","2008-05-10",555
"497","2008-05-11",516
"498","2008-05-12",473
"499","2008-05-13",465
"500","2008-05-14",468
"501","2008-05-15",519
"502","2008-05-16",591
"503","2008-05-17",582
"504","2008-05-18",565
"505","2008-05-19",504
"506","2008-05-20",451
"507","2008-05-21",482
"508","2008-05-22",503
"509","2008-05-23",558
"510","2008-05-24",543
"511","2008-05-25",531
"512","2008-05-26",447
"513","2008-05-27",481
"514","2008-05-28",471
"515","2008-05-29",475
"516","2008-05-30",609
"517","2008-05-31",583
"518","2008-06-01",670
"519","2008-06-02",520
"520","2008-06-03",491
"521","2008-06-04",481
"522","2008-06-05",532
"523","2008-06-06",624
"524","2008-06-07",577
"525","2008-06-08",516
"526","2008-06-09",441
"527","2008-06-10",489
"528","2008-06-11",463
"529","2008-06-12",507
"530","2008-06-13",589
"531","2008-06-14",584
"532","2008-06-15",517
"533","2008-06-16",536
"534","2008-06-17",491
"535","2008-06-18",542
"536","2008-06-19",507
"537","2008-06-20",616
"538","2008-06-21",587
"539","2008-06-22",493
"540","2008-06-23",495
"541","2008-06-24",476
"542","2008-06-25",480
"543","2008-06-26",491
"544","2008-06-27",598
"545","2008-06-28",582
"546","2008-06-29",511
"547","2008-06-30",508
"548","2008-07-01",578
"549","2008-07-02",456
"550","2008-07-03",604
"551","2008-07-04",693
"552","2008-07-05",508
"553","2008-07-06",492
"554","2008-07-07",474
"555","2008-07-08",500
"556","2008-07-09",424
"557","2008-07-10",463
"558","2008-07-11",546
"559","2008-07-12",588
"560","2008-07-13",522
"561","2008-07-14",451
"562","2008-07-15",461
"563","2008-07-16",494
"564","2008-07-17",470
"565","2008-07-18",596
"566","2008-07-19",540
"567","2008-07-20",503
"568","2008-07-21",501
"569","2008-07-22",469
"570","2008-07-23",454
"571","2008-07-24",495
"572","2008-07-25",557
"573","2008-07-26",563
"574","2008-07-27",492
"575","2008-07-28",475
"576","2008-07-29",508
"577","2008-07-30",476
"578","2008-07-31",484
"579","2008-08-01",750
"580","2008-08-02",544
"581","2008-08-03",525
"582","2008-08-04",508
"583","2008-08-05",481
"584","2008-08-06",476
"585","2008-08-07",504
"586","2008-08-08",563
"587","2008-08-09",569
"588","2008-08-10",471
"589","2008-08-11",488
"590","2008-08-12",413
"591","2008-08-13",506
"592","2008-08-14",512
"593","2008-08-15",562
"594","2008-08-16",547
"595","2008-08-17",471
"596","2008-08-18",450
"597","2008-08-19",493
"598","2008-08-20",497
"599","2008-08-21",509
"600","2008-08-22",575
"601","2008-08-23",520
"602","2008-08-24",443
"603","2008-08-25",423
"604","2008-08-26",458
"605","2008-08-27",448
"606","2008-08-28",471
"607","2008-08-29",664
"608","2008-08-30",631
"609","2008-08-31",549
"610","2008-09-01",609
"611","2008-09-02",490
"612","2008-09-03",478
"613","2008-09-04",448
"614","2008-09-05",559
"615","2008-09-06",559
"616","2008-09-07",520
"617","2008-09-08",500
"618","2008-09-09",529
"619","2008-09-10",424
"620","2008-09-11",466
"621","2008-09-12",589
"622","2008-09-13",557
"623","2008-09-14",463
"624","2008-09-15",498
"625","2008-09-16",464
"626","2008-09-17",462
"627","2008-09-18",506
"628","2008-09-19",623
"629","2008-09-20",532
"630","2008-09-21",467
"631","2008-09-22",477
"632","2008-09-23",497
"633","2008-09-24",499
"634","2008-09-25",473
"635","2008-09-26",584
"636","2008-09-27",575
"637","2008-09-28",466
"638","2008-09-29",500
"639","2008-09-30",502
"640","2008-10-01",561
"641","2008-10-02",491
"642","2008-10-03",577
"643","2008-10-04",508
"644","2008-10-05",455
"645","2008-10-06",463
"646","2008-10-07",483
"647","2008-10-08",489
"648","2008-10-09",515
"649","2008-10-10",601
"650","2008-10-11",503
"651","2008-10-12",457
"652","2008-10-13",441
"653","2008-10-14",468
"654","2008-10-15",493
"655","2008-10-16",505
"656","2008-10-17",603
"657","2008-10-18",524
"658","2008-10-19",450
"659","2008-10-20",504
"660","2008-10-21",460
"661","2008-10-22",526
"662","2008-10-23",503
"663","2008-10-24",600
"664","2008-10-25",529
"665","2008-10-26",437
"666","2008-10-27",446
"667","2008-10-28",469
"668","2008-10-29",478
"669","2008-10-30",527
"670","2008-10-31",620
"671","2008-11-01",648
"672","2008-11-02",465
"673","2008-11-03",442
"674","2008-11-04",424
"675","2008-11-05",494
"676","2008-11-06",457
"677","2008-11-07",506
"678","2008-11-08",557
"679","2008-11-09",420
"680","2008-11-10",486
"681","2008-11-11",419
"682","2008-11-12",456
"683","2008-11-13",473
"684","2008-11-14",609
"685","2008-11-15",534
"686","2008-11-16",444
"687","2008-11-17",434
"688","2008-11-18",470
"689","2008-11-19",468
"690","2008-11-20",492
"691","2008-11-21",534
"692","2008-11-22",574
"693","2008-11-23",456
"694","2008-11-24",415
"695","2008-11-25",466
"696","2008-11-26",495
"697","2008-11-27",342
"698","2008-11-28",461
"699","2008-11-29",533
"700","2008-11-30",455
"701","2008-12-01",554
"702","2008-12-02",478
"703","2008-12-03",434
"704","2008-12-04",488
"705","2008-12-05",605
"706","2008-12-06",516
"707","2008-12-07",430
"708","2008-12-08",439
"709","2008-12-09",464
"710","2008-12-10",462
"711","2008-12-11",407
"712","2008-12-12",509
"713","2008-12-13",506
"714","2008-12-14",414
"715","2008-12-15",382
"716","2008-12-16",476
"717","2008-12-17",379
"718","2008-12-18",439
"719","2008-12-19",576
"720","2008-12-20",505
"721","2008-12-21",478
"722","2008-12-22",403
"723","2008-12-23",486
"724","2008-12-24",373
"725","2008-12-25",291
"726","2008-12-26",394
"727","2008-12-27",452
"728","2008-12-28",435
"729","2008-12-29",455
"730","2008-12-30",470
"731","2008-12-31",467
"732","2009-01-01",809
"733","2009-01-02",494
"734","2009-01-03",475
"735","2009-01-04",378
"736","2009-01-05",397
"737","2009-01-06",409
"738","2009-01-07",409
"739","2009-01-08",420
"740","2009-01-09",511
"741","2009-01-10",523
"742","2009-01-11",449
"743","2009-01-12",475
"744","2009-01-13",420
"745","2009-01-14",462
"746","2009-01-15",459
"747","2009-01-16",542
"748","2009-01-17",503
"749","2009-01-18",463
"750","2009-01-19",433
"751","2009-01-20",504
"752","2009-01-21",501
"753","2009-01-22",489
"754","2009-01-23",533
"755","2009-01-24",467
"756","2009-01-25",406
"757","2009-01-26",376
"758","2009-01-27",416
"759","2009-01-28",457
"760","2009-01-29",462
"761","2009-01-30",523
"762","2009-01-31",513
"763","2009-02-01",505
"764","2009-02-02",441
"765","2009-02-03",493
"766","2009-02-04",460
"767","2009-02-05",468
"768","2009-02-06",560
"769","2009-02-07",465
"770","2009-02-08",412
"771","2009-02-09",438
"772","2009-02-10",391
"773","2009-02-11",435
"774","2009-02-12",497
"775","2009-02-13",496
"776","2009-02-14",498
"777","2009-02-15",425
"778","2009-02-16",403
"779","2009-02-17",440
"780","2009-02-18",425
"781","2009-02-19",457
"782","2009-02-20",504
"783","2009-02-21",517
"784","2009-02-22",418
"785","2009-02-23",441
"786","2009-02-24",454
"787","2009-02-25",438
"788","2009-02-26",436
"789","2009-02-27",538
"790","2009-02-28",525
"791","2009-03-01",525
"792","2009-03-02",449
"793","2009-03-03",453
"794","2009-03-04",463
"795","2009-03-05",477
"796","2009-03-06",540
"797","2009-03-07",511
"798","2009-03-08",402
"799","2009-03-09",384
"800","2009-03-10",460
"801","2009-03-11",464
"802","2009-03-12",469
"803","2009-03-13",553
"804","2009-03-14",499
"805","2009-03-15",428
"806","2009-03-16",444
"807","2009-03-17",474
"808","2009-03-18",458
"809","2009-03-19",402
"810","2009-03-20",541
"811","2009-03-21",482
"812","2009-03-22",415
"813","2009-03-23",418
"814","2009-03-24",449
"815","2009-03-25",452
"816","2009-03-26",463
"817","2009-03-27",534
"818","2009-03-28",548
"819","2009-03-29",412
"820","2009-03-30",402
"821","2009-03-31",407
"822","2009-04-01",576
"823","2009-04-02",465
"824","2009-04-03",553
"825","2009-04-04",519
"826","2009-04-05",473
"827","2009-04-06",437
"828","2009-04-07",422
"829","2009-04-08",434
"830","2009-04-09",450
"831","2009-04-10",461
"832","2009-04-11",434
"833","2009-04-12",400
"834","2009-04-13",436
"835","2009-04-14",382
"836","2009-04-15",459
"837","2009-04-16",477
"838","2009-04-17",560
"839","2009-04-18",511
"840","2009-04-19",410
"841","2009-04-20",437
"842","2009-04-21",398
"843","2009-04-22",415
"844","2009-04-23",444
"845","2009-04-24",569
"846","2009-04-25",500
"847","2009-04-26",426
"848","2009-04-27",436
"849","2009-04-28",433
"850","2009-04-29",415
"851","2009-04-30",432
"852","2009-05-01",622
"853","2009-05-02",513
"854","2009-05-03",453
"855","2009-05-04",430
"856","2009-05-05",452
"857","2009-05-06",435
"858","2009-05-07",457
"859","2009-05-08",538
"860","2009-05-09",534
"861","2009-05-10",448
"862","2009-05-11",369
"863","2009-05-12",395
"864","2009-05-13",428
"865","2009-05-14",432
"866","2009-05-15",628
"867","2009-05-16",548
"868","2009-05-17",459
"869","2009-05-18",426
"870","2009-05-19",395
"871","2009-05-20",471
"872","2009-05-21",440
"873","2009-05-22",563
"874","2009-05-23",556
"875","2009-05-24",471
"876","2009-05-25",443
"877","2009-05-26",392
"878","2009-05-27",419
"879","2009-05-28",420
"880","2009-05-29",497
"881","2009-05-30",508
"882","2009-05-31",443
"883","2009-06-01",552
"884","2009-06-02",422
"885","2009-06-03",450
"886","2009-06-04",487
"887","2009-06-05",535
"888","2009-06-06",550
"889","2009-06-07",448
"890","2009-06-08",425
"891","2009-06-09",426
"892","2009-06-10",437
"893","2009-06-11",454
"894","2009-06-12",505
"895","2009-06-13",489
"896","2009-06-14",408
"897","2009-06-15",463
"898","2009-06-16",460
"899","2009-06-17",452
"900","2009-06-18",411
"901","2009-06-19",505
"902","2009-06-20",490
"903","2009-06-21",412
"904","2009-06-22",403
"905","2009-06-23",390
"906","2009-06-24",405
"907","2009-06-25",409
"908","2009-06-26",486
"909","2009-06-27",501
"910","2009-06-28",459
"911","2009-06-29",420
"912","2009-06-30",404
"913","2009-07-01",551
"914","2009-07-02",486
"915","2009-07-03",590
"916","2009-07-04",626
"917","2009-07-05",443
"918","2009-07-06",387
"919","2009-07-07",383
"920","2009-07-08",380
"921","2009-07-09",420
"922","2009-07-10",478
"923","2009-07-11",507
"924","2009-07-12",389
"925","2009-07-13",379
"926","2009-07-14",405
"927","2009-07-15",418
"928","2009-07-16",437
"929","2009-07-17",465
"930","2009-07-18",545
"931","2009-07-19",447
"932","2009-07-20",389
"933","2009-07-21",437
"934","2009-07-22",432
"935","2009-07-23",422
"936","2009-07-24",498
"937","2009-07-25",505
"938","2009-07-26",423
"939","2009-07-27",401
"940","2009-07-28",410
"941","2009-07-29",372
"942","2009-07-30",442
"943","2009-07-31",528
"944","2009-08-01",611
"945","2009-08-02",502
"946","2009-08-03",387
"947","2009-08-04",360
"948","2009-08-05",387
"949","2009-08-06",399
"950","2009-08-07",485
"951","2009-08-08",518
"952","2009-08-09",434
"953","2009-08-10",382
"954","2009-08-11",384
"955","2009-08-12",397
"956","2009-08-13",402
"957","2009-08-14",530
"958","2009-08-15",501
"959","2009-08-16",424
"960","2009-08-17",396
"961","2009-08-18",388
"962","2009-08-19",395
"963","2009-08-20",431
"964","2009-08-21",488
"965","2009-08-22",499
"966","2009-08-23",441
"967","2009-08-24",383
"968","2009-08-25",396
"969","2009-08-26",372
"970","2009-08-27",387
"971","2009-08-28",502
"972","2009-08-29",482
"973","2009-08-30",481
"974","2009-08-31",417
"975","2009-09-01",514
"976","2009-09-02",399
"977","2009-09-03",474
"978","2009-09-04",562
"979","2009-09-05",588
"980","2009-09-06",570
"981","2009-09-07",432
"982","2009-09-08",431
"983","2009-09-09",419
"984","2009-09-10",420
"985","2009-09-11",473
"986","2009-09-12",499
"987","2009-09-13",412
"988","2009-09-14",377
"989","2009-09-15",398
"990","2009-09-16",429
"991","2009-09-17",370
"992","2009-09-18",497
"993","2009-09-19",461
"994","2009-09-20",450
"995","2009-09-21",382
"996","2009-09-22",413
"997","2009-09-23",420
"998","2009-09-24",449
"999","2009-09-25",523
"1000","2009-09-26",519
"1001","2009-09-27",426
"1002","2009-09-28",376
"1003","2009-09-29",441
"1004","2009-09-30",392
"1005","2009-10-01",515
"1006","2009-10-02",476
"1007","2009-10-03",464
"1008","2009-10-04",397
"1009","2009-10-05",410
"1010","2009-10-06",407
"1011","2009-10-07",424
"1012","2009-10-08",463
"1013","2009-10-09",485
"1014","2009-10-10",449
"1015","2009-10-11",420
"1016","2009-10-12",358
"1017","2009-10-13",438
"1018","2009-10-14",431
"1019","2009-10-15",481
"1020","2009-10-16",523
"1021","2009-10-17",467
"1022","2009-10-18",390
"1023","2009-10-19",432
"1024","2009-10-20",366
"1025","2009-10-21",433
"1026","2009-10-22",473
"1027","2009-10-23",491
"1028","2009-10-24",528
"1029","2009-10-25",414
"1030","2009-10-26",430
"1031","2009-10-27",402
"1032","2009-10-28",401
"1033","2009-10-29",420
"1034","2009-10-30",541
"1035","2009-10-31",482
"1036","2009-11-01",504
"1037","2009-11-02",429
"1038","2009-11-03",375
"1039","2009-11-04",413
"1040","2009-11-05",399
"1041","2009-11-06",506
"1042","2009-11-07",465
"1043","2009-11-08",401
"1044","2009-11-09",407
"1045","2009-11-10",391
"1046","2009-11-11",390
"1047","2009-11-12",447
"1048","2009-11-13",514
"1049","2009-11-14",408
"1050","2009-11-15",393
"1051","2009-11-16",409
"1052","2009-11-17",399
"1053","2009-11-18",428
"1054","2009-11-19",416
"1055","2009-11-20",506
"1056","2009-11-21",466
"1057","2009-11-22",404
"1058","2009-11-23",404
"1059","2009-11-24",409
"1060","2009-11-25",464
"1061","2009-11-26",329
"1062","2009-11-27",463
"1063","2009-11-28",432
"1064","2009-11-29",404
"1065","2009-11-30",395
"1066","2009-12-01",489
"1067","2009-12-02",448
"1068","2009-12-03",476
"1069","2009-12-04",513
"1070","2009-12-05",484
"1071","2009-12-06",373
"1072","2009-12-07",311
"1073","2009-12-08",405
"1074","2009-12-09",440
"1075","2009-12-10",439
"1076","2009-12-11",513
"1077","2009-12-12",455
"1078","2009-12-13",388
"1079","2009-12-14",426
"1080","2009-12-15",427
"1081","2009-12-16",485
"1082","2009-12-17",470
"1083","2009-12-18",532
"1084","2009-12-19",511
"1085","2009-12-20",432
"1086","2009-12-21",401
"1087","2009-12-22",394
"1088","2009-12-23",432
"1089","2009-12-24",346
"1090","2009-12-25",273
"1091","2009-12-26",356
"1092","2009-12-27",360
"1093","2009-12-28",386
"1094","2009-12-29",362
"1095","2009-12-30",400
"1096","2009-12-31",455
"1097","2010-01-01",763
"1098","2010-01-02",420
"1099","2010-01-03",377
"1100","2010-01-04",406
"1101","2010-01-05",385
"1102","2010-01-06",420
"1103","2010-01-07",414
"1104","2010-01-08",447
"1105","2010-01-09",464
"1106","2010-01-10",398
"1107","2010-01-11",361
"1108","2010-01-12",378
"1109","2010-01-13",423
"1110","2010-01-14",444
"1111","2010-01-15",536
"1112","2010-01-16",482
"1113","2010-01-17",447
"1114","2010-01-18",307
"1115","2010-01-19",391
"1116","2010-01-20",427
"1117","2010-01-21",378
"1118","2010-01-22",436
"1119","2010-01-23",505
"1120","2010-01-24",383
"1121","2010-01-25",404
"1122","2010-01-26",441
"1123","2010-01-27",481
"1124","2010-01-28",454
"1125","2010-01-29",516
"1126","2010-01-30",471
"1127","2010-01-31",435
"1128","2010-02-01",486
"1129","2010-02-02",492
"1130","2010-02-03",467
"1131","2010-02-04",445
"1132","2010-02-05",559
"1133","2010-02-06",458
"1134","2010-02-07",444
"1135","2010-02-08",401
"1136","2010-02-09",413
"1137","2010-02-10",442
"1138","2010-02-11",449
"1139","2010-02-12",488
"1140","2010-02-13",482
"1141","2010-02-14",410
"1142","2010-02-15",420
"1143","2010-02-16",417
"1144","2010-02-17",401
"1145","2010-02-18",462
"1146","2010-02-19",501
"1147","2010-02-20",457
"1148","2010-02-21",432
"1149","2010-02-22",393
"1150","2010-02-23",410
"1151","2010-02-24",400
"1152","2010-02-25",468
"1153","2010-02-26",525
"1154","2010-02-27",538
"1155","2010-02-28",404
"1156","2010-03-01",516
"1157","2010-03-02",451
"1158","2010-03-03",482
"1159","2010-03-04",514
"1160","2010-03-05",524
"1161","2010-03-06",449
"1162","2010-03-07",391
"1163","2010-03-08",428
"1164","2010-03-09",440
"1165","2010-03-10",452
"1166","2010-03-11",432
"1167","2010-03-12",556
"1168","2010-03-13",478
"1169","2010-03-14",419
"1170","2010-03-15",401
"1171","2010-03-16",468
"1172","2010-03-17",479
"1173","2010-03-18",536
"1174","2010-03-19",503
"1175","2010-03-20",605
"1176","2010-03-21",460
"1177","2010-03-22",499
"1178","2010-03-23",443
"1179","2010-03-24",484
"1180","2010-03-25",448
"1181","2010-03-26",533
"1182","2010-03-27",492
"1183","2010-03-28",440
"1184","2010-03-29",383
"1185","2010-03-30",396
"1186","2010-03-31",433
"1187","2010-04-01",493
"1188","2010-04-02",486
"1189","2010-04-03",501
"1190","2010-04-04",408
"1191","2010-04-05",403
"1192","2010-04-06",405
"1193","2010-04-07",426
"1194","2010-04-08",457
"1195","2010-04-09",515
"1196","2010-04-10",534
"1197","2010-04-11",433
"1198","2010-04-12",374
"1199","2010-04-13",417
"1200","2010-04-14",430
"1201","2010-04-15",479
"1202","2010-04-16",541
"1203","2010-04-17",540
"1204","2010-04-18",438
"1205","2010-04-19",387
"1206","2010-04-20",390
"1207","2010-04-21",384
"1208","2010-04-22",396
"1209","2010-04-23",587
"1210","2010-04-24",531
"1211","2010-04-25",449
"1212","2010-04-26",399
"1213","2010-04-27",408
"1214","2010-04-28",414
"1215","2010-04-29",427
"1216","2010-04-30",523
"1217","2010-05-01",566
"1218","2010-05-02",430
"1219","2010-05-03",461
"1220","2010-05-04",455
"1221","2010-05-05",460
"1222","2010-05-06",481
"1223","2010-05-07",483
"1224","2010-05-08",468
"1225","2010-05-09",397
"1226","2010-05-10",404
"1227","2010-05-11",441
"1228","2010-05-12",414
"1229","2010-05-13",422
"1230","2010-05-14",567
"1231","2010-05-15",491
"1232","2010-05-16",445
"1233","2010-05-17",419
"1234","2010-05-18",453
"1235","2010-05-19",420
"1236","2010-05-20",495
"1237","2010-05-21",496
"1238","2010-05-22",504
"1239","2010-05-23",412
"1240","2010-05-24",394
"1241","2010-05-25",410
"1242","2010-05-26",382
"1243","2010-05-27",391
"1244","2010-05-28",545
"1245","2010-05-29",545
"1246","2010-05-30",535
"1247","2010-05-31",435
"1248","2010-06-01",535
"1249","2010-06-02",433
"1250","2010-06-03",449
"1251","2010-06-04",543
"1252","2010-06-05",524
"1253","2010-06-06",435
"1254","2010-06-07",431
"1255","2010-06-08",458
"1256","2010-06-09",442
"1257","2010-06-10",451
"1258","2010-06-11",555
"1259","2010-06-12",541
"1260","2010-06-13",478
"1261","2010-06-14",418
"1262","2010-06-15",471
"1263","2010-06-16",410
"1264","2010-06-17",449
"1265","2010-06-18",542
"1266","2010-06-19",564
"1267","2010-06-20",442
"1268","2010-06-21",510
"1269","2010-06-22",422
"1270","2010-06-23",428
"1271","2010-06-24",471
"1272","2010-06-25",486
"1273","2010-06-26",542
"1274","2010-06-27",458
"1275","2010-06-28",424
"1276","2010-06-29",422
"1277","2010-06-30",457
"1278","2010-07-01",587
"1279","2010-07-02",586
"1280","2010-07-03",590
"1281","2010-07-04",603
"1282","2010-07-05",448
"1283","2010-07-06",426
"1284","2010-07-07",447
"1285","2010-07-08",432
"1286","2010-07-09",453
"1287","2010-07-10",491
"1288","2010-07-11",458
"1289","2010-07-12",439
"1290","2010-07-13",374
"1291","2010-07-14",410
"1292","2010-07-15",438
"1293","2010-07-16",491
"1294","2010-07-17",494
"1295","2010-07-18",482
"1296","2010-07-19",413
"1297","2010-07-20",411
"1298","2010-07-21",475
"1299","2010-07-22",385
"1300","2010-07-23",469
"1301","2010-07-24",484
"1302","2010-07-25",414
"1303","2010-07-26",383
"1304","2010-07-27",399
"1305","2010-07-28",402
"1306","2010-07-29",408
"1307","2010-07-30",496
"1308","2010-07-31",499
"1309","2010-08-01",539
"1310","2010-08-02",373
"1311","2010-08-03",410
"1312","2010-08-04",384
"1313","2010-08-05",415
"1314","2010-08-06",493
"1315","2010-08-07",520
"1316","2010-08-08",447
"1317","2010-08-09",397
"1318","2010-08-10",357
"1319","2010-08-11",403
"1320","2010-08-12",403
"1321","2010-08-13",468
"1322","2010-08-14",488
"1323","2010-08-15",418
"1324","2010-08-16",401
"1325","2010-08-17",416
"1326","2010-08-18",418
"1327","2010-08-19",366
"1328","2010-08-20",477
"1329","2010-08-21",451
"1330","2010-08-22",442
"1331","2010-08-23",451
"1332","2010-08-24",381
"1333","2010-08-25",364
"1334","2010-08-26",416
"1335","2010-08-27",461
"1336","2010-08-28",519
"1337","2010-08-29",380
"1338","2010-08-30",363
"1339","2010-08-31",382
"1340","2010-09-01",487
"1341","2010-09-02",438
"1342","2010-09-03",491
"1343","2010-09-04",523
"1344","2010-09-05",483
"1345","2010-09-06",416
"1346","2010-09-07",428
"1347","2010-09-08",427
"1348","2010-09-09",358
"1349","2010-09-10",499
"1350","2010-09-11",493
"1351","2010-09-12",442
"1352","2010-09-13",373
"1353","2010-09-14",418
"1354","2010-09-15",364
"1355","2010-09-16",413
"1356","2010-09-17",483
"1357","2010-09-18",461
"1358","2010-09-19",435
"1359","2010-09-20",397
"1360","2010-09-21",400
"1361","2010-09-22",409
"1362","2010-09-23",447
"1363","2010-09-24",555
"1364","2010-09-25",530
"1365","2010-09-26",392
"1366","2010-09-27",349
"1367","2010-09-28",418
"1368","2010-09-29",383
"1369","2010-09-30",412
"1370","2010-10-01",609
"1371","2010-10-02",462
"1372","2010-10-03",426
"1373","2010-10-04",362
"1374","2010-10-05",382
"1375","2010-10-06",374
"1376","2010-10-07",441
"1377","2010-10-08",464
"1378","2010-10-09",407
"1379","2010-10-10",404
"1380","2010-10-11",376
"1381","2010-10-12",398
"1382","2010-10-13",439
"1383","2010-10-14",427
"1384","2010-10-15",491
"1385","2010-10-16",412
"1386","2010-10-17",392
"1387","2010-10-18",377
"1388","2010-10-19",309
"1389","2010-10-20",403
"1390","2010-10-21",404
"1391","2010-10-22",527
"1392","2010-10-23",450
"1393","2010-10-24",419
"1394","2010-10-25",395
"1395","2010-10-26",390
"1396","2010-10-27",411
"1397","2010-10-28",417
"1398","2010-10-29",447
"1399","2010-10-30",429
"1400","2010-10-31",416
"1401","2010-11-01",479
"1402","2010-11-02",365
"1403","2010-11-03",381
"1404","2010-11-04",343
"1405","2010-11-05",452
"1406","2010-11-06",451
"1407","2010-11-07",406
"1408","2010-11-08",343
"1409","2010-11-09",398
"1410","2010-11-10",410
"1411","2010-11-11",368
"1412","2010-11-12",495
"1413","2010-11-13",422
"1414","2010-11-14",366
"1415","2010-11-15",386
"1416","2010-11-16",387
"1417","2010-11-17",381
"1418","2010-11-18",399
"1419","2010-11-19",438
"1420","2010-11-20",437
"1421","2010-11-21",336
"1422","2010-11-22",355
"1423","2010-11-23",380
"1424","2010-11-24",407
"1425","2010-11-25",294
"1426","2010-11-26",337
"1427","2010-11-27",419
"1428","2010-11-28",339
"1429","2010-11-29",312
"1430","2010-11-30",372
"1431","2010-12-01",495
"1432","2010-12-02",379
"1433","2010-12-03",454
"1434","2010-12-04",423
"1435","2010-12-05",407
"1436","2010-12-06",360
"1437","2010-12-07",375
"1438","2010-12-08",375
"1439","2010-12-09",400
"1440","2010-12-10",445
"1441","2010-12-11",474
"1442","2010-12-12",411
"1443","2010-12-13",382
"1444","2010-12-14",403
"1445","2010-12-15",409
"1446","2010-12-16",396
"1447","2010-12-17",447
"1448","2010-12-18",429
"1449","2010-12-19",361
"1450","2010-12-20",329
"1451","2010-12-21",335
"1452","2010-12-22",364
"1453","2010-12-23",405
"1454","2010-12-24",351
"1455","2010-12-25",227
"1456","2010-12-26",301
"1457","2010-12-27",350
"1458","2010-12-28",339
"1459","2010-12-29",317
"1460","2010-12-30",351
"1461","2010-12-31",435
"1462","2011-01-01",628
"1463","2011-01-02",308
"1464","2011-01-03",354
"1465","2011-01-04",352
"1466","2011-01-05",326
"1467","2011-01-06",375
"1468","2011-01-07",409
"1469","2011-01-08",407
"1470","2011-01-09",363
"1471","2011-01-10",357
"1472","2011-01-11",379
"1473","2011-01-12",405
"1474","2011-01-13",385
"1475","2011-01-14",460
"1476","2011-01-15",522
"1477","2011-01-16",409
"1478","2011-01-17",423
"1479","2011-01-18",427
"1480","2011-01-19",417
"1481","2011-01-20",452
"1482","2011-01-21",486
"1483","2011-01-22",490
"1484","2011-01-23",371
"1485","2011-01-24",363
"1486","2011-01-25",415
"1487","2011-01-26",387
"1488","2011-01-27",410
"1489","2011-01-28",474
"1490","2011-01-29",473
"1491","2011-01-30",380
"1492","2011-01-31",410
"1493","2011-02-01",458
"1494","2011-02-02",369
"1495","2011-02-03",365
"1496","2011-02-04",454
"1497","2011-02-05",410
"1498","2011-02-06",360
"1499","2011-02-07",352
"1500","2011-02-08",425
"1501","2011-02-09",343
"1502","2011-02-10",400
"1503","2011-02-11",467
"1504","2011-02-12",448
"1505","2011-02-13",409
"1506","2011-02-14",320
"1507","2011-02-15",377
"1508","2011-02-16",318
"1509","2011-02-17",393
"1510","2011-02-18",413
"1511","2011-02-19",429
"1512","2011-02-20",353
"1513","2011-02-21",351
"1514","2011-02-22",375
"1515","2011-02-23",380
"1516","2011-02-24",358
"1517","2011-02-25",478
"1518","2011-02-26",428
"1519","2011-02-27",326
"1520","2011-02-28",334
"1521","2011-03-01",467
"1522","2011-03-02",354
"1523","2011-03-03",377
"1524","2011-03-04",454
"1525","2011-03-05",444
"1526","2011-03-06",386
"1527","2011-03-07",357
"1528","2011-03-08",378
"1529","2011-03-09",439
"1530","2011-03-10",368
"1531","2011-03-11",450
"1532","2011-03-12",442
"1533","2011-03-13",358
"1534","2011-03-14",360
"1535","2011-03-15",419
"1536","2011-03-16",418
"1537","2011-03-17",425
"1538","2011-03-18",538
"1539","2011-03-19",474
"1540","2011-03-20",361
"1541","2011-03-21",346
"1542","2011-03-22",401
"1543","2011-03-23",387
"1544","2011-03-24",400
"1545","2011-03-25",512
"1546","2011-03-26",444
"1547","2011-03-27",401
"1548","2011-03-28",362
"1549","2011-03-29",411
"1550","2011-03-30",354
"1551","2011-03-31",364
"1552","2011-04-01",575
"1553","2011-04-02",412
"1554","2011-04-03",353
"1555","2011-04-04",345
"1556","2011-04-05",392
"1557","2011-04-06",383
"1558","2011-04-07",371
"1559","2011-04-08",438
"1560","2011-04-09",418
"1561","2011-04-10",391
"1562","2011-04-11",314
"1563","2011-04-12",379
"1564","2011-04-13",373
"1565","2011-04-14",387
"1566","2011-04-15",462
"1567","2011-04-16",417
"1568","2011-04-17",368
"1569","2011-04-18",335
"1570","2011-04-19",364
"1571","2011-04-20",398
"1572","2011-04-21",411
"1573","2011-04-22",427
"1574","2011-04-23",455
"1575","2011-04-24",353
"1576","2011-04-25",363
"1577","2011-04-26",410
"1578","2011-04-27",354
"1579","2011-04-28",369
"1580","2011-04-29",444
"1581","2011-04-30",461
"1582","2011-05-01",436
"1583","2011-05-02",350
"1584","2011-05-03",325
"1585","2011-05-04",374
"1586","2011-05-05",423
"1587","2011-05-06",515
"1588","2011-05-07",420
"1589","2011-05-08",362
"1590","2011-05-09",399
"1591","2011-05-10",384
"1592","2011-05-11",363
"1593","2011-05-12",368
"1594","2011-05-13",465
"1595","2011-05-14",488
"1596","2011-05-15",356
"1597","2011-05-16",356
"1598","2011-05-17",326
"1599","2011-05-18",362
"1600","2011-05-19",407
"1601","2011-05-20",501
"1602","2011-05-21",462
"1603","2011-05-22",375
"1604","2011-05-23",368
"1605","2011-05-24",387
"1606","2011-05-25",400
"1607","2011-05-26",339
"1608","2011-05-27",460
"1609","2011-05-28",476
"1610","2011-05-29",403
"1611","2011-05-30",390
"1612","2011-05-31",417
"1613","2011-06-01",484
"1614","2011-06-02",376
"1615","2011-06-03",513
"1616","2011-06-04",446
"1617","2011-06-05",452
"1618","2011-06-06",401
"1619","2011-06-07",376
"1620","2011-06-08",374
"1621","2011-06-09",380
"1622","2011-06-10",479
"1623","2011-06-11",527
"1624","2011-06-12",392
"1625","2011-06-13",420
"1626","2011-06-14",377
"1627","2011-06-15",397
"1628","2011-06-16",379
"1629","2011-06-17",434
"1630","2011-06-18",407
"1631","2011-06-19",400
"1632","2011-06-20",403
"1633","2011-06-21",432
"1634","2011-06-22",391
"1635","2011-06-23",400
"1636","2011-06-24",420
"1637","2011-06-25",448
"1638","2011-06-26",428
"1639","2011-06-27",367
"1640","2011-06-28",410
"1641","2011-06-29",380
"1642","2011-06-30",407
"1643","2011-07-01",573
"1644","2011-07-02",510
"1645","2011-07-03",508
"1646","2011-07-04",481
"1647","2011-07-05",386
"1648","2011-07-06",374
"1649","2011-07-07",381
"1650","2011-07-08",421
"1651","2011-07-09",465
"1652","2011-07-10",416
"1653","2011-07-11",366
"1654","2011-07-12",388
"1655","2011-07-13",387
"1656","2011-07-14",390
"1657","2011-07-15",439
"1658","2011-07-16",527
"1659","2011-07-17",422
"1660","2011-07-18",378
"1661","2011-07-19",363
"1662","2011-07-20",431
"1663","2011-07-21",402
"1664","2011-07-22",479
"1665","2011-07-23",434
"1666","2011-07-24",392
"1667","2011-07-25",378
"1668","2011-07-26",361
"1669","2011-07-27",388
"1670","2011-07-28",380
"1671","2011-07-29",450
"1672","2011-07-30",513
"1673","2011-07-31",434
"1674","2011-08-01",497
"1675","2011-08-02",382
"1676","2011-08-03",389
"1677","2011-08-04",380
"1678","2011-08-05",433
"1679","2011-08-06",441
"1680","2011-08-07",360
"1681","2011-08-08",372
"1682","2011-08-09",337
"1683","2011-08-10",385
"1684","2011-08-11",375
"1685","2011-08-12",475
"1686","2011-08-13",466
"1687","2011-08-14",436
"1688","2011-08-15",388
"1689","2011-08-16",374
"1690","2011-08-17",389
"1691","2011-08-18",424
"1692","2011-08-19",465
"1693","2011-08-20",439
"1694","2011-08-21",355
"1695","2011-08-22",380
"1696","2011-08-23",355
"1697","2011-08-24",381
"1698","2011-08-25",375
"1699","2011-08-26",486
"1700","2011-08-27",474
"1701","2011-08-28",426
"1702","2011-08-29",360
"1703","2011-08-30",367
"1704","2011-08-31",339
"1705","2011-09-01",479
"1706","2011-09-02",494
"1707","2011-09-03",513
"1708","2011-09-04",431
"1709","2011-09-05",392
"1710","2011-09-06",443
"1711","2011-09-07",357
"1712","2011-09-08",440
"1713","2011-09-09",433
"1714","2011-09-10",453
"1715","2011-09-11",398
"1716","2011-09-12",369
"1717","2011-09-13",355
"1718","2011-09-14",396
"1719","2011-09-15",404
"1720","2011-09-16",454
"1721","2011-09-17",476
"1722","2011-09-18",379
"1723","2011-09-19",385
"1724","2011-09-20",435
"1725","2011-09-21",379
"1726","2011-09-22",381
"1727","2011-09-23",451
"1728","2011-09-24",466
"1729","2011-09-25",399
"1730","2011-09-26",397
"1731","2011-09-27",372
"1732","2011-09-28",377
"1733","2011-09-29",413
"1734","2011-09-30",446
"1735","2011-10-01",518
"1736","2011-10-02",387
"1737","2011-10-03",355
"1738","2011-10-04",384
"1739","2011-10-05",330
"1740","2011-10-06",395
"1741","2011-10-07",438
"1742","2011-10-08",467
"1743","2011-10-09",372
"1744","2011-10-10",367
"1745","2011-10-11",351
"1746","2011-10-12",370
"1747","2011-10-13",416
"1748","2011-10-14",418
"1749","2011-10-15",402
"1750","2011-10-16",354
"1751","2011-10-17",372
"1752","2011-10-18",364
"1753","2011-10-19",367
"1754","2011-10-20",390
"1755","2011-10-21",499
"1756","2011-10-22",448
"1757","2011-10-23",322
"1758","2011-10-24",335
"1759","2011-10-25",328
"1760","2011-10-26",364
"1761","2011-10-27",391
"1762","2011-10-28",450
"1763","2011-10-29",423
"1764","2011-10-30",371
"1765","2011-10-31",398
"1766","2011-11-01",432
"1767","2011-11-02",387
"1768","2011-11-03",358
"1769","2011-11-04",372
"1770","2011-11-05",384
"1771","2011-11-06",344
"1772","2011-11-07",349
"1773","2011-11-08",378
"1774","2011-11-09",357
"1775","2011-11-10",441
"1776","2011-11-11",444
"1777","2011-11-12",360
"1778","2011-11-13",368
"1779","2011-11-14",367
"1780","2011-11-15",373
"1781","2011-11-16",378
"1782","2011-11-17",406
"1783","2011-11-18",463
"1784","2011-11-19",418
"1785","2011-11-20",332
"1786","2011-11-21",319
"1787","2011-11-22",364
"1788","2011-11-23",413
"1789","2011-11-24",302
"1790","2011-11-25",397
"1791","2011-11-26",408
"1792","2011-11-27",324
"1793","2011-11-28",347
"1794","2011-11-29",356
"1795","2011-11-30",380
"1796","2011-12-01",471
"1797","2011-12-02",431
"1798","2011-12-03",399
"1799","2011-12-04",354
"1800","2011-12-05",373
"1801","2011-12-06",385
"1802","2011-12-07",353
"1803","2011-12-08",411
"1804","2011-12-09",458
"1805","2011-12-10",437
"1806","2011-12-11",371
"1807","2011-12-12",376
"1808","2011-12-13",389
"1809","2011-12-14",421
"1810","2011-12-15",441
"1811","2011-12-16",420
"1812","2011-12-17",462
"1813","2011-12-18",373
"1814","2011-12-19",406
"1815","2011-12-20",383
"1816","2011-12-21",374
"1817","2011-12-22",400
"1818","2011-12-23",427
"1819","2011-12-24",339
"1820","2011-12-25",265
"1821","2011-12-26",319
"1822","2011-12-27",363
"1823","2011-12-28",354
"1824","2011-12-29",352
"1825","2011-12-30",418
"1826","2011-12-31",433
"1827","2012-01-01",570
"1828","2012-01-02",356
"1829","2012-01-03",407
"1830","2012-01-04",384
"1831","2012-01-05",388
"1832","2012-01-06",478
"1833","2012-01-07",397
"1834","2012-01-08",334
"1835","2012-01-09",348
"1836","2012-01-10",367
"1837","2012-01-11",372
"1838","2012-01-12",358
"1839","2012-01-13",471
"1840","2012-01-14",440
"1841","2012-01-15",368
"1842","2012-01-16",339
"1843","2012-01-17",351
"1844","2012-01-18",371
"1845","2012-01-19",405
"1846","2012-01-20",439
"1847","2012-01-21",390
"1848","2012-01-22",318
"1849","2012-01-23",371
"1850","2012-01-24",324
"1851","2012-01-25",374
"1852","2012-01-26",381
"1853","2012-01-27",418
"1854","2012-01-28",404
"1855","2012-01-29",386
"1856","2012-01-30",365
"1857","2012-01-31",396
"1858","2012-02-01",463
"1859","2012-02-02",372
"1860","2012-02-03",440
"1861","2012-02-04",397
"1862","2012-02-05",383
"1863","2012-02-06",384
"1864","2012-02-07",361
"1865","2012-02-08",396
"1866","2012-02-09",381
"1867","2012-02-10",453
"1868","2012-02-11",397
"1869","2012-02-12",358
"1870","2012-02-13",330
"1871","2012-02-14",290
"1872","2012-02-15",354
"1873","2012-02-16",408
"1874","2012-02-17",440
"1875","2012-02-18",391
"1876","2012-02-19",383
"1877","2012-02-20",357
"1878","2012-02-21",368
"1879","2012-02-22",385
"1880","2012-02-23",389
"1881","2012-02-24",470
"1882","2012-02-25",377
"1883","2012-02-26",361
"1884","2012-02-27",297
"1885","2012-02-28",353
"1886","2012-02-29",349
"1887","2012-03-01",489
"1888","2012-03-02",400
"1889","2012-03-03",359
"1890","2012-03-04",304
"1891","2012-03-05",350
"1892","2012-03-06",355
"1893","2012-03-07",353
"1894","2012-03-08",361
"1895","2012-03-09",421
"1896","2012-03-10",390
"1897","2012-03-11",337
"1898","2012-03-12",323
"1899","2012-03-13",323
"1900","2012-03-14",353
"1901","2012-03-15",392
"1902","2012-03-16",482
"1903","2012-03-17",370
"1904","2012-03-18",318
"1905","2012-03-19",332
"1906","2012-03-20",330
"1907","2012-03-21",349
"1908","2012-03-22",354
"1909","2012-03-23",433
"1910","2012-03-24",396
"1911","2012-03-25",346
"1912","2012-03-26",341
"1913","2012-03-27",322
"1914","2012-03-28",331
"1915","2012-03-29",375
"1916","2012-03-30",418
"1917","2012-03-31",408
"1918","2012-04-01",443
"1919","2012-04-02",357
"1920","2012-04-03",372
"1921","2012-04-04",416
"1922","2012-04-05",361
"1923","2012-04-06",416
"1924","2012-04-07",401
"1925","2012-04-08",310
"1926","2012-04-09",350
"1927","2012-04-10",345
"1928","2012-04-11",345
"1929","2012-04-12",368
"1930","2012-04-13",378
"1931","2012-04-14",401
"1932","2012-04-15",373
"1933","2012-04-16",347
"1934","2012-04-17",405
"1935","2012-04-18",366
"1936","2012-04-19",353
"1937","2012-04-20",396
"1938","2012-04-21",382
"1939","2012-04-22",303
"1940","2012-04-23",357
"1941","2012-04-24",332
"1942","2012-04-25",368
"1943","2012-04-26",368
"1944","2012-04-27",412
"1945","2012-04-28",409
"1946","2012-04-29",361
"1947","2012-04-30",366
"1948","2012-05-01",463
"1949","2012-05-02",369
"1950","2012-05-03",391
"1951","2012-05-04",460
"1952","2012-05-05",445
"1953","2012-05-06",354
"1954","2012-05-07",347
"1955","2012-05-08",359
"1956","2012-05-09",383
"1957","2012-05-10",413
"1958","2012-05-11",402
"1959","2012-05-12",450
"1960","2012-05-13",316
"1961","2012-05-14",340
"1962","2012-05-15",367
"1963","2012-05-16",397
"1964","2012-05-17",370
"1965","2012-05-18",448
"1966","2012-05-19",440
"1967","2012-05-20",392
"1968","2012-05-21",358
"1969","2012-05-22",371
"1970","2012-05-23",389
"1971","2012-05-24",389
"1972","2012-05-25",428
"1973","2012-05-26",439
"1974","2012-05-27",435
"1975","2012-05-28",356
"1976","2012-05-29",370
"1977","2012-05-30",360
"1978","2012-05-31",395
"1979","2012-06-01",536
"1980","2012-06-02",452
"1981","2012-06-03",350
"1982","2012-06-04",402
"1983","2012-06-05",389
"1984","2012-06-06",361
"1985","2012-06-07",377
"1986","2012-06-08",437
"1987","2012-06-09",401
"1988","2012-06-10",357
"1989","2012-06-11",387
"1990","2012-06-12",400
"1991","2012-06-13",418
"1992","2012-06-14",394
"1993","2012-06-15",474
"1994","2012-06-16",393
"1995","2012-06-17",342
"1996","2012-06-18",375
"1997","2012-06-19",375
"1998","2012-06-20",397
"1999","2012-06-21",382
"2000","2012-06-22",434
"2001","2012-06-23",451
"2002","2012-06-24",379
"2003","2012-06-25",404
"2004","2012-06-26",371
"2005","2012-06-27",384
"2006","2012-06-28",413
"2007","2012-06-29",432
"2008","2012-06-30",436
"2009","2012-07-01",466
"2010","2012-07-02",374
"2011","2012-07-03",393
"2012","2012-07-04",503
"2013","2012-07-05",413
"2014","2012-07-06",378
"2015","2012-07-07",438
"2016","2012-07-08",384
"2017","2012-07-09",353
"2018","2012-07-10",354
"2019","2012-07-11",338
"2020","2012-07-12",385
"2021","2012-07-13",440
"2022","2012-07-14",408
"2023","2012-07-15",391
"2024","2012-07-16",370
"2025","2012-07-17",353
"2026","2012-07-18",418
"2027","2012-07-19",402
"2028","2012-07-20",401
"2029","2012-07-21",419
"2030","2012-07-22",393
"2031","2012-07-23",346
"2032","2012-07-24",386
"2033","2012-07-25",385
"2034","2012-07-26",389
"2035","2012-07-27",397
"2036","2012-07-28",449
"2037","2012-07-29",379
"2038","2012-07-30",355
"2039","2012-07-31",374
"2040","2012-08-01",467
"2041","2012-08-02",405
"2042","2012-08-03",443
"2043","2012-08-04",435
"2044","2012-08-05",400
"2045","2012-08-06",395
"2046","2012-08-07",326
"2047","2012-08-08",361
"2048","2012-08-09",389
"2049","2012-08-10",453
"2050","2012-08-11",428
"2051","2012-08-12",389
"2052","2012-08-13",427
"2053","2012-08-14",392
"2054","2012-08-15",366
"2055","2012-08-16",409
"2056","2012-08-17",430
"2057","2012-08-18",413
"2058","2012-08-19",364
"2059","2012-08-20",391
"2060","2012-08-21",400
"2061","2012-08-22",379
"2062","2012-08-23",400
"2063","2012-08-24",411
"2064","2012-08-25",468
"2065","2012-08-26",377
"2066","2012-08-27",411
"2067","2012-08-28",360
"2068","2012-08-29",396
"2069","2012-08-30",397
"2070","2012-08-31",498
"2071","2012-09-01",543
"2072","2012-09-02",443
"2073","2012-09-03",456
"2074","2012-09-04",390
"2075","2012-09-05",341
"2076","2012-09-06",441
"2077","2012-09-07",427
"2078","2012-09-08",457
"2079","2012-09-09",367
"2080","2012-09-10",379
"2081","2012-09-11",355
"2082","2012-09-12",386
"2083","2012-09-13",412
"2084","2012-09-14",443
"2085","2012-09-15",436
"2086","2012-09-16",373
"2087","2012-09-17",351
"2088","2012-09-18",372
"2089","2012-09-19",406
"2090","2012-09-20",393
"2091","2012-09-21",493
"2092","2012-09-22",446
"2093","2012-09-23",362
"2094","2012-09-24",357
"2095","2012-09-25",373
"2096","2012-09-26",399
"2097","2012-09-27",391
"2098","2012-09-28",449
"2099","2012-09-29",407
"2100","2012-09-30",383
"2101","2012-10-01",424
"2102","2012-10-02",407
"2103","2012-10-03",383
"2104","2012-10-04",438
"2105","2012-10-05",437
"2106","2012-10-06",399
"2107","2012-10-07",395
"2108","2012-10-08",384
"2109","2012-10-09",376
"2110","2012-10-10",366
"2111","2012-10-11",411
"2112","2012-10-12",432
"2113","2012-10-13",411
"2114","2012-10-14",370
"2115","2012-10-15",370
"2116","2012-10-16",409
"2117","2012-10-17",371
"2118","2012-10-18",400
"2119","2012-10-19",455
"2120","2012-10-20",449
"2121","2012-10-21",396
"2122","2012-10-22",355
"2123","2012-10-23",384
"2124","2012-10-24",430
"2125","2012-10-25",388
"2126","2012-10-26",443
"2127","2012-10-27",413
"2128","2012-10-28",397
"2129","2012-10-29",364
"2130","2012-10-30",380
"2131","2012-10-31",427
"2132","2012-11-01",516
"2133","2012-11-02",434
"2134","2012-11-03",357
"2135","2012-11-04",416
"2136","2012-11-05",375
"2137","2012-11-06",422
"2138","2012-11-07",417
"2139","2012-11-08",388
"2140","2012-11-09",459
"2141","2012-11-10",404
"2142","2012-11-11",337
"2143","2012-11-12",336
"2144","2012-11-13",378
"2145","2012-11-14",398
"2146","2012-11-15",410
"2147","2012-11-16",455
"2148","2012-11-17",441
"2149","2012-11-18",360
"2150","2012-11-19",337
"2151","2012-11-20",377
"2152","2012-11-21",408
"2153","2012-11-22",328
"2154","2012-11-23",405
"2155","2012-11-24",400
"2156","2012-11-25",411
"2157","2012-11-26",339
"2158","2012-11-27",357
"2159","2012-11-28",390
"2160","2012-11-29",405
"2161","2012-11-30",408
"2162","2012-12-01",441
"2163","2012-12-02",368
"2164","2012-12-03",406
"2165","2012-12-04",408
"2166","2012-12-05",390
"2167","2012-12-06",408
"2168","2012-12-07",448
"2169","2012-12-08",402
"2170","2012-12-09",365
"2171","2012-12-10",360
"2172","2012-12-11",369
"2173","2012-12-12",401
"2174","2012-12-13",377
"2175","2012-12-14",422
"2176","2012-12-15",405
"2177","2012-12-16",331
"2178","2012-12-17",369
"2179","2012-12-18",337
"2180","2012-12-19",394
"2181","2012-12-20",380
"2182","2012-12-21",484
"2183","2012-12-22",397
"2184","2012-12-23",345
"2185","2012-12-24",358
"2186","2012-12-25",268
"2187","2012-12-26",324
"2188","2012-12-27",388
"2189","2012-12-28",388
"2190","2012-12-29",346
"2191","2012-12-30",339
"2192","2012-12-31",355
"2193","2013-04-01",394
"2194","2013-04-02",360
"2195","2013-04-03",408
"2196","2013-04-04",382
"2197","2013-04-05",432
"2198","2013-04-06",417
"2199","2013-04-07",381
"2200","2013-04-08",307
"2201","2013-04-09",328
"2202","2013-04-10",399
"2203","2013-04-11",400
"2204","2013-04-12",389
"2205","2013-04-13",364
"2206","2013-04-14",330
"2207","2013-04-15",374
"2208","2013-04-16",335
"2209","2013-04-17",312
"2210","2013-04-18",369
"2211","2013-04-19",403
"2212","2013-04-20",390
"2213","2013-04-21",294
"2214","2013-04-22",322
"2215","2013-04-23",335
"2216","2013-04-24",326
"2217","2013-04-25",344
"2218","2013-04-26",374
"2219","2013-04-27",367
"2220","2013-04-28",322
"2221","2013-04-29",335
"2222","2013-04-30",315
"2223","2013-07-07",4
